StudyHours,Attendance,PreviousScore,AssignmentsCompleted,SleepHours,FinalResult
1,47,99,1,9.1,0
8,67,51,8,4.9,1
7,82,39,0,8.4,0
5,52,64,2,5.2,0
5,84,66,6,5.6,1
9,58,77,7,8.3,1
1,89,52,5,9.9,0
7,75,97,9,7.7,1
3,73,66,10,4.3,1
1,50,50,1,7.7,0
6,68,98,10,4.3,1
10,92,95,6,9.3,1
8,41,65,6,8.3,0
8,86,31,1,5.0,0
8,70,72,6,4.6,1
8,83,69,7,5.1,1
6,80,40,6,9.9,0
2,66,75,0,6.8,0
9,58,89,5,8.7,1
5,78,37,10,7.8,1
6,48,81,7,7.4,1
4,75,39,1,4.9,0
2,45,83,10,9.7,1
10,79,59,10,5.8,1
8,78,30,1,7.5,0
7,45,98,8,8.2,1
5,86,41,4,7.9,0
9,65,72,6,9.6,1
6,88,42,4,4.9,0
5,42,96,8,7.1,1
5,50,82,10,6.4,0
3,70,87,8,6.8,0
1,51,60,10,4.7,0
6,60,63,10,4.8,1
9,80,75,0,5.7,0
1,48,85,2,5.8,0
9,81,90,7,6.6,1
9,46,31,6,7.7,0
3,50,77,0,7.8,0
7,75,37,1,6.5,0
2,88,50,5,6.5,0
8,50,88,6,5.3,1
8,58,47,1,7.5,0
4,96,86,1,5.9,1
1,100,62,1,4.2,0
10,75,46,6,6.5,1
5,67,53,0,6.8,0
9,61,67,6,5.4,1
7,77,84,5,7.4,1
8,76,73,5,7.4,1
8,57,96,7,8.2,1
2,41,91,5,7.9,0
4,49,83,8,7.9,1
5,98,72,8,5.9,1
5,65,50,10,8.7,0
1,69,59,8,7.3,0
6,68,38,5,6.6,0
2,87,56,5,7.8,0
8,43,95,2,6.2,0
7,45,60,6,7.1,0
10,56,38,1,8.4,0
8,69,76,10,9.3,1
4,80,98,9,9.5,1
10,69,91,1,7.0,1
5,66,49,8,7.1,0
4,97,62,1,8.8,1
10,49,67,7,5.9,1
4,74,47,0,9.0,0
1,73,49,5,7.0,0
5,68,46,7,4.7,0
8,89,100,8,4.4,1
2,56,82,4,9.1,0
5,98,89,10,4.3,1
2,60,87,8,5.7,0
7,73,98,2,6.0,1
5,71,37,7,5.0,0
4,91,92,8,5.9,1
3,66,34,3,8.5,0
6,57,63,8,4.1,0
7,41,72,9,9.0,1
10,62,55,8,9.1,1
5,90,40,8,6.2,0
2,40,43,6,4.9,0
9,94,88,2,7.6,1
7,73,52,8,4.7,0
8,48,52,4,6.2,0
1,58,95,5,9.8,1
4,73,40,3,10.0,0
8,59,94,3,8.6,1
9,46,95,1,5.9,1
5,80,72,10,8.1,1
9,81,41,1,8.2,0
9,47,41,0,6.3,0
4,57,50,10,7.8,0
9,54,70,6,4.1,1
3,80,40,4,5.3,0
3,84,62,8,7.2,0
7,84,38,4,5.0,0
7,97,68,1,5.0,1
2,86,31,8,9.0,0
9,59,80,1,9.9,1
2,46,33,6,7.3,0
9,77,43,10,9.0,1
1,95,42,10,9.9,0
8,99,89,3,4.8,1
8,54,33,8,6.7,1
8,54,60,6,6.4,1
7,42,71,5,4.5,0
5,48,66,1,8.5,0
8,73,78,4,6.6,1
3,73,87,7,6.8,1
8,62,57,10,4.9,1
6,58,88,0,5.1,0
5,90,52,7,9.4,0
6,68,99,9,4.3,1
6,89,65,10,5.4,1
1,98,82,4,5.8,0
2,59,92,1,6.9,0
3,52,86,2,7.5,1
2,98,90,9,7.0,1
5,78,68,9,4.5,1
7,57,33,7,5.5,0
7,77,65,1,9.1,1
5,71,42,1,7.8,0
9,95,93,5,7.9,1
6,55,46,6,8.0,0
1,100,46,0,8.6,0
8,97,47,7,4.3,1
6,51,75,5,6.2,1
7,50,70,0,7.2,0
6,72,97,1,6.0,0
6,42,59,4,9.1,0
1,58,50,7,6.9,0
6,66,33,9,8.6,0
8,99,30,4,9.1,1
4,100,56,3,7.0,1
7,49,95,10,9.5,1
1,94,67,5,7.5,0
4,45,93,3,9.1,1
5,85,37,4,6.0,0
10,91,36,0,7.0,0
3,94,89,3,7.2,0
3,53,37,5,4.6,0
5,94,33,10,6.4,1
10,47,58,8,9.5,1
9,71,95,8,7.8,1
1,68,78,5,5.1,0
3,59,37,1,6.0,0
9,41,89,4,5.1,1
1,87,89,10,4.1,1
9,60,86,0,9.6,1
3,80,94,9,6.7,1
10,65,47,7,5.8,1
3,62,99,3,7.6,0
5,94,52,8,4.0,1
7,45,86,9,5.7,1
2,84,71,0,8.2,0
6,85,85,1,7.8,1
6,63,74,7,9.9,1
8,56,75,10,7.7,1
10,40,73,0,6.9,0
7,97,85,7,8.6,1
5,97,82,1,9.4,1
5,54,39,7,8.3,0
5,41,88,6,9.8,1
9,47,68,0,8.7,0
4,44,52,7,9.2,0
2,90,66,9,4.7,1
4,94,98,9,8.4,1
1,49,90,0,6.6,0
2,85,89,2,7.3,1
1,50,62,2,7.9,0
8,62,85,4,9.8,1
8,76,57,1,9.9,0
7,83,78,9,5.7,1
5,93,75,8,8.4,1
8,42,47,8,8.5,0
2,51,48,2,6.1,0
10,57,34,0,4.7,0
6,58,39,10,4.2,0
10,100,60,3,8.7,1
2,87,63,7,6.9,0
5,59,41,10,9.9,0
7,99,59,0,6.8,1
5,70,72,0,9.9,0
5,70,46,0,6.5,0
2,66,54,1,8.8,0
4,48,56,0,4.5,0
3,96,65,9,7.3,0
4,40,56,6,8.8,0
7,50,82,10,9.5,1
7,54,53,8,8.9,1
7,57,60,10,4.2,1
4,48,56,2,6.2,0
10,41,42,3,4.3,0
1,81,78,9,4.7,1
4,99,46,2,8.1,0
2,47,51,0,8.3,0
4,58,86,7,8.6,1
10,70,97,8,9.2,1
4,96,77,10,8.4,1
10,82,95,10,8.8,1
5,86,90,1,4.3,1
7,75,64,8,5.4,1
5,65,84,9,7.7,1
3,52,53,7,9.1,0
8,92,62,9,4.0,1
10,89,68,9,7.1,1
3,41,98,4,8.1,0
8,83,90,0,4.2,1
3,45,64,5,6.4,0
8,85,76,2,9.4,1
8,90,44,1,8.0,1
5,47,87,1,5.4,0
8,66,69,7,9.1,1
3,47,67,5,6.1,0
1,74,84,5,9.1,0
1,96,74,8,5.8,1
5,44,35,6,7.5,0
10,64,50,6,6.4,1
